Job,Arrival,Deadline
Job_000,0.0,1069.3464145185426
Job_001,88.05,1468.7251174796372
Job_002,152.78,1690.4730720165371
Job_003,207.97,1981.190003821887
Job_004,246.61,1310.542002293132
Job_005,319.39,1662.1642319017647
Job_006,359.74,1485.937742885351
Job_007,515.63,1974.814094748087
Job_008,748.04,2364.242049284987
Job_009,781.95,2243.841300860792
Job_010,891.94,2351.1240947480874
Job_011,944.71,2560.912049284987
Job_012,1003.56,2384.235117479637
Job_013,1185.73,2528.504231901765
Job_014,1190.89,2964.1100038218874
Job_015,1197.28,2261.212002293132
Job_016,1198.72,2736.413072016537
Job_017,1324.04,2393.3864145185426
Job_018,1429.61,2891.501300860792
Job_019,1440.0,2509.3464145185426
Job_020,1528.05,2908.7251174796374
Job_021,1592.78,3130.473072016537
Job_022,1647.97,3421.1900038218873
Job_023,1686.61,2750.542002293132
Job_024,1759.39,3102.1642319017647
Job_025,1799.74,2925.9377428853513
Job_026,1955.63,3414.814094748087
Job_027,2188.04,3804.242049284987
Job_028,2221.95,3683.841300860792
Job_029,2331.94,3791.1240947480874
Job_030,2384.71,4000.912049284987
Job_031,2443.56,3824.235117479637
Job_032,2625.73,3968.504231901765
Job_033,2630.89,4404.1100038218865
Job_034,2637.28,3701.212002293132
Job_035,2638.72,4176.413072016537
Job_036,2764.04,3833.3864145185426
Job_037,2869.61,4331.501300860793
Job_038,2880.0,3949.3464145185426
Job_039,2968.05,4348.725117479637
Job_040,3032.78,4570.473072016537
Job_041,3087.97,4861.190003821886
Job_042,3126.61,4190.542002293132
Job_043,3199.39,4542.164231901765
Job_044,3239.74,4365.937742885351
Job_045,3395.63,4854.814094748087
Job_046,3628.04,5244.242049284987
Job_047,3661.95,5123.841300860792
Job_048,3771.94,5231.124094748087
Job_049,3824.71,5440.912049284987
Job_050,3883.56,5264.235117479637
Job_051,4065.73,5408.504231901765
Job_052,4070.89,5844.1100038218865
Job_053,4077.28,5141.212002293132
Job_054,4078.72,5616.413072016537
Job_055,4204.04,5273.386414518543
Job_056,4309.61,5771.501300860792
Job_057,4320.0,5389.346414518543
Job_058,4408.05,5788.725117479637
Job_059,4472.78,6010.473072016537
Job_060,4527.97,6301.190003821887
Job_061,4566.61,5630.542002293132
Job_062,4639.39,5982.164231901765
Job_063,4679.74,5805.937742885351
Job_064,4835.63,6294.814094748087
Job_065,5068.04,6684.242049284987
Job_066,5101.95,6563.841300860792
Job_067,5211.94,6671.1240947480865
Job_068,5264.71,6880.912049284987
Job_069,5323.56,6704.235117479638
Job_070,5505.73,6848.504231901765
Job_071,5510.89,7284.110003821887
Job_072,5517.28,6581.212002293132
Job_073,5518.72,7056.413072016538
Job_074,5644.04,6713.386414518543
Job_075,5749.61,7211.501300860792
Job_076,5760.0,6829.346414518543
Job_077,5848.05,7228.725117479637
Job_078,5912.78,7450.473072016537
Job_079,5967.97,7741.190003821887
Job_080,6006.61,7070.542002293132
Job_081,6079.39,7422.164231901765
Job_082,6119.74,7245.937742885351
Job_083,6275.63,7734.814094748087
Job_084,6508.04,8124.242049284987
Job_085,6541.95,8003.841300860792
Job_086,6651.94,8111.1240947480865
Job_087,6704.71,8320.912049284987
Job_088,6763.56,8144.235117479638
Job_089,6945.73,8288.504231901765
Job_090,6950.89,8724.110003821886
Job_091,6957.28,8021.212002293132
Job_092,6958.72,8496.413072016538
Job_093,7084.04,8153.386414518543
Job_094,7189.61,8651.501300860793
Job_095,7200.0,8269.346414518543
Job_096,7288.05,8668.725117479637
Job_097,7352.78,8890.473072016537
Job_098,7407.97,9181.190003821888
Job_099,7446.61,8510.542002293132
Job_100,7519.39,8862.164231901765
Job_101,7559.74,8685.937742885351
Job_102,7715.63,9174.814094748088
Job_103,7948.04,9564.242049284987
Job_104,7981.95,9443.841300860793
Job_105,8091.94,9551.124094748087
Job_106,8144.71,9760.912049284987
Job_107,8203.56,9584.235117479637
Job_108,8385.73,9728.504231901765
Job_109,8390.89,10164.110003821886
Job_110,8397.28,9461.212002293132
Job_111,8398.72,9936.413072016536
Job_112,8524.04,9593.386414518543
Job_113,8629.61,10091.501300860793
Job_114,8640.0,9709.346414518543
Job_115,8728.05,10108.725117479637
Job_116,8792.78,10330.473072016537
Job_117,8847.97,10621.190003821886
Job_118,8886.61,9950.542002293132
Job_119,8959.39,10302.164231901765
Job_120,8999.74,10125.937742885351
Job_121,9155.63,10614.814094748086
Job_122,9388.04,11004.242049284989
Job_123,9421.95,10883.841300860793
Job_124,9531.94,10991.124094748087
Job_125,9584.71,11200.912049284987
Job_126,9643.56,11024.235117479637
Job_127,9825.73,11168.504231901765
Job_128,9830.89,11604.110003821886
Job_129,9837.28,10901.212002293132
Job_130,9838.72,11376.413072016536
Job_131,9964.04,11033.386414518543
Job_132,10069.61,11531.501300860793
Job_133,10080.0,11149.346414518543
Job_134,10168.05,11548.725117479637
Job_135,10232.78,11770.473072016537
Job_136,10287.97,12061.190003821886
Job_137,10326.61,11390.542002293132
Job_138,10399.39,11742.164231901765
Job_139,10439.74,11565.937742885351
Job_140,10595.63,12054.814094748086
Job_141,10828.04,12444.242049284989
Job_142,10861.95,12323.841300860793
Job_143,10971.94,12431.124094748087
Job_144,11024.71,12640.912049284987
Job_145,11083.56,12464.235117479637
Job_146,11265.73,12608.504231901765
Job_147,11270.89,13044.110003821886
Job_148,11277.28,12341.212002293132
Job_149,11278.72,12816.413072016536
Job_150,11404.04,12473.386414518543
Job_151,11509.61,12971.501300860793
